,Shannon index,Simpson index,Auxotroph index,Prototroph index,CS,CS class,N CS
A1,1.654164722712082,0.3665200775868205,0.5196032120925839,0.23618327822390175,Acetate,Organic acid,1
A2,1.7744378040206255,0.3085106382978724,0.32269503546099293,0.3546099290780142,Acetate,Organic acid,1
A3,1.7135014569597078,0.33307353479529056,0.44673539518900346,0.27491408934707906,Acetate,Organic acid,1
A4,0.37274231885627496,0.8914848367976,0.04087193460490463,0.9431984908824146,Glucose,Sugar,1
A5,0.38749962349755074,0.8838484872874833,0.04839334107626791,0.9388308168795974,Glucose,Sugar,1
A6,0.37038249394538925,0.8904924722399963,0.043408160734218035,0.9425772045144487,Glucose,Sugar,1
A7,1.6047836795212707,0.36440775993125785,0.46747967479674796,0.16056910569105692,Citrate,Organic acid,1
A8,1.5917946856976681,0.35864050041611856,0.44041450777202074,0.18134715025906736,Citrate,Organic acid,1
A9,1.5020911329484576,0.39674447492365816,0.5215827338129496,0.14028776978417265,Citrate,Organic acid,1
A10,1.106047110916741,0.5020947251851131,0.5993340732519423,0.37735849056603776,Glutarate,Organic acid,1
A11,1.1018067774314888,0.48839860279630587,0.5367526464887431,0.4472938720739526,Glutarate,Organic acid,1
A12,1.1573216108668356,0.47677977676311273,0.517815312538528,0.45617063247441747,Glutarate,Organic acid,1
B1,0.32274965487274887,0.9141437505723443,0.016724405686297933,0.9556803249313105,Glycerol,Other,1
B2,0.16330123900874383,0.9621937945898056,0.006035913686434284,0.9808359740455711,Glycerol,Other,1
B3,0.27047029999779093,0.929624360897405,0.011244979919678716,0.963855421686747,Glycerol,Other,1
B4,1.2667998011706394,0.48963360119960114,0.26324237560192615,0.6420545746388443,Inosine,Other,1
B5,1.2805792629643573,0.4966482464608643,0.17713484389991882,0.6642556646246955,Inosine,Other,1
B6,1.3677491440814198,0.44997586579989546,0.24889212651004675,0.607053967097675,Inosine,Other,1
B7,1.060723322044727,0.4935629254866474,0.47650562541363334,0.5162144275314361,Alanine,Amino acid,1
B8,1.0664418405522174,0.49291222172242943,0.47372316802368614,0.5181347150259067,Alanine,Amino acid,1
B9,1.0696467803855367,0.49291777780318,0.4681261186837395,0.5231997797053559,Alanine,Amino acid,1
B10,1.5453399940466048,0.39969135802469136,0.3333333333333333,0.5277777777777778,Glutamate,Amino acid,1
B11,1.644485971093834,0.3687879334174629,0.32558139534883723,0.49612403100775193,Glutamate,Amino acid,1
B12,1.5376388237374818,0.4210197710718001,0.25161290322580643,0.5870967741935483,Glutamate,Amino acid,1
C1,1.349930439458329,0.4403413742865113,0.33789219629927597,0.5631536604987932,Histidine,Amino acid,1
C2,1.4138569204334384,0.4093876732649228,0.42240300375469336,0.4693366708385482,Histidine,Amino acid,1
C3,1.5844902491209032,0.35421064877264047,0.4540023894862604,0.3106332138590203,Histidine,Amino acid,1
C4,0.5069412815167825,0.841813683696878,0.04577887226116057,0.9155774452232115,Isoleucine,Amino acid,1
C5,0.2865068608903928,0.9223563595555783,0.02370314185145241,0.9599772449838226,Isoleucine,Amino acid,1
C6,0.2371650903886739,0.9387928767836805,0.01734931397920974,0.9686700305058771,Isoleucine,Amino acid,1
C7,1.8272838670882035,0.3002932098765432,0.3611111111111111,0.23055555555555557,Malate,Organic acid,1
C8,1.6323088712416496,0.3569319747460219,0.4085603112840467,0.14785992217898833,Malate,Organic acid,1
C9,1.833491550998418,0.30092592592592593,0.3888888888888889,0.2222222222222222,Malate,Organic acid,1
C10,0.3620296449528745,0.8979335787615585,0.008488410055501142,0.9467841984982044,Mannitol,Other,1
C11,0.3039709889752194,0.9167850080698701,0.006578947368421052,0.9569377990430622,Mannitol,Other,1
C12,0.2757622588320234,0.9267200231669922,0.008103317295517852,0.962268928842745,Mannitol,Other,1
D1,0.5340854302147995,0.8433633003748183,0.042787286063569685,0.9168704156479217,Mannose,Sugar,1
D2,0.3792206775100213,0.8974804269681376,0.02254283137962128,0.9467989179440938,Mannose,Sugar,1
D3,0.6029644910966413,0.8165685890694342,0.05108173076923077,0.9014423076923077,Mannose,Sugar,1
D4,0.45866372371589026,0.8653547901959256,0.028585040495474036,0.9290138161029061,Myo-inositol,Other,1
D5,0.4974959132843003,0.8502749523915119,0.030683403068340307,0.9205020920502092,Myo-inositol,Other,1
D6,0.3858173674886844,0.8895748875097783,0.020684900022983222,0.9423121121581246,Myo-inositol,Other,1
D7,0.1394514909145299,0.9688511269383651,0.008202099737532808,0.984251968503937,Xylose,Sugar,1
D8,0.21837030382649278,0.9464120485334397,0.015516442797591477,0.9726725335803613,Xylose,Sugar,1
D9,0.11135047711318016,0.9762048997728462,0.005786873676781934,0.9880028228652082,Xylose,Sugar,1
D10,1.0725676910179733,0.5200920697502608,0.3468208092485549,0.6319845857418112,Ribose,Sugar,1
D11,0.9157872507206704,0.6111302029212823,0.2376237623762376,0.7445544554455445,Ribose,Sugar,1
D12,1.0052613247418627,0.5693096511974833,0.2726555212743058,0.7031642390758412,Ribose,Sugar,1
E1,1.5426327160008957,0.3857552186550403,0.40229885057471265,0.45977011494252873,Citrate + Glucose,Mix,2
E2,1.541029399576959,0.38090583866682765,0.3983516483516483,0.4532967032967033,Citrate + Glucose,Mix,2
E3,1.5526949068929587,0.37994907523993393,0.3349282296650718,0.4944178628389155,Citrate + Glucose,Mix,2
E4,1.3005999906834136,0.4474112890400627,0.04508812679327777,0.4918704741084848,Glycerol + Isoleucine,Mix,2
E5,1.2918468638998224,0.4690523370865788,0.049156152711781094,0.589873832541373,Glycerol + Isoleucine,Mix,2
E6,1.3827071380817757,0.42868165019560234,0.05876747141041931,0.4764930114358323,Glycerol + Isoleucine,Mix,2
E7,1.4693082207648427,0.4151183673469387,0.5142857142857142,0.38095238095238093,Glutarate + Inosine,Mix,2
E8,1.4523872349187845,0.41771738994065766,0.5112474437627812,0.3885480572597137,Glutarate + Inosine,Mix,2
E9,1.4526392020147996,0.414324526765511,0.43618739903069464,0.46849757673667203,Glutarate + Inosine,Mix,2
E10,1.6573178342755794,0.3820402366863906,0.5538461538461539,0.2246153846153846,Malate + Citrate,Mix,2
E11,1.5861493420231527,0.40423652202498345,0.5769230769230769,0.20833333333333334,Malate + Citrate,Mix,2
E12,1.3031323461474131,0.5372640270219553,0.7123287671232876,0.12054794520547946,Malate + Citrate,Mix,2
F1,1.7379226593086334,0.3287899087858438,0.42769857433808556,0.3258655804480652,Acetate + Alanine,Mix,2
F2,1.797192191072913,0.31095041322314054,0.4090909090909091,0.29545454545454547,Acetate + Alanine,Mix,2
F3,1.722960603335582,0.34290452653485953,0.4838709677419355,0.2620967741935484,Acetate + Alanine,Mix,2
F4,1.107779450212561,0.5974768089053804,0.06753246753246753,0.7532467532467533,Glutamate + Mannose,Mix,2
F5,1.0723355931153626,0.6110472724951322,0.05367231638418079,0.7627118644067796,Glutamate + Mannose,Mix,2
F6,1.0410144677570947,0.6136891861707586,0.044226044226044224,0.7616707616707616,Glutamate + Mannose,Mix,2
F7,1.0083333802382162,0.6434432340092129,0.09131293188548864,0.7897334649555775,Histidine + Mannose,Mix,2
F8,1.0777832596883028,0.6121782163539217,0.10477894198824432,0.7666751852798365,Histidine + Mannose,Mix,2
F9,0.9404797856827544,0.6686154797061006,0.08070094535393128,0.8070094535393129,Histidine + Mannose,Mix,2
F10,1.0402677505391664,0.610440447784975,0.030855539971949508,0.7573632538569425,Mannitol + Acetate,Mix,2
F11,1.1225523179235524,0.5585683409997155,0.02824478816408877,0.7061197041022192,Mannitol + Acetate,Mix,2
F12,1.1080189055872223,0.5508657342000719,0.025966532025389497,0.6924408540103866,Mannitol + Acetate,Mix,2
G1,1.1008579191121304,0.5792482508790338,0.05346088913899831,0.7315700619020822,Myo-inositol + Glutamate,Mix,2
G2,1.0959287821591417,0.5698418252682755,0.03948312993539124,0.7178750897343862,Myo-inositol + Glutamate,Mix,2
G3,1.092828607776743,0.5759324912283913,0.048411497730711045,0.7261724659606656,Myo-inositol + Glutamate,Mix,2
G4,1.4673647987363898,0.4218055555555556,0.09166666666666666,0.5555555555555556,Ribose + Glutarate,Mix,2
G5,1.4854170618105758,0.44080339242985556,0.0729483282674772,0.60790273556231,Ribose + Glutarate,Mix,2
G6,1.3706978541993302,0.45578944303723756,0.059190031152647975,0.5919003115264797,Ribose + Glutarate,Mix,2
G7,1.018077673405473,0.6038678753357181,0.19591496456857024,0.7503126302626094,Xylose + Histidine,Mix,2
G8,0.9927350952402145,0.6272983120173377,0.1569060773480663,0.7734806629834254,Xylose + Histidine,Mix,2
G9,1.1864879134558892,0.5236141713775511,0.247074122236671,0.6762028608582574,Xylose + Histidine,Mix,2
G10,0.256314004398836,0.9353022107271926,0.017905102954341987,0.9668755595344674,Glycerol + Inosine,Mix,2
G11,0.31432600116179776,0.9150086795843067,0.028478437754271765,0.9560618388934092,Glycerol + Inosine,Mix,2
G12,0.31863569150127075,0.9130421430552272,0.030695770804911322,0.9549795361527967,Glycerol + Inosine,Mix,2
H1,0.9200745994086855,0.6045472775061634,0.2512337371018394,0.7357559443696725,Alanine + Glucose,Mix,2
H2,1.017055470379021,0.543546020662654,0.3246753246753247,0.6618381618381618,Alanine + Glucose,Mix,2
H3,0.9387043235671946,0.5912221589835636,0.2663115845539281,0.7212605415002219,Alanine + Glucose,Mix,2
H4,0.8215134998691647,0.673082940312145,0.1793845729267283,0.8003311715192494,Malate + Isoleucine,Mix,2
H5,0.8323888585919204,0.6888609478403822,0.1440829918032787,0.8164702868852459,Malate + Isoleucine,Mix,2
H6,0.8427139925720699,0.662831272865273,0.18641355847948674,0.7922576235378187,Malate + Isoleucine,Mix,2
H7,0.5300060100546664,0.8334862792898011,0.01772879731672257,0.9103977000479156,Mannitol + Myo-inositol,Mix,2
H8,0.3858040686466734,0.8897880881719465,0.014135556361000362,0.9423704240666908,Mannitol + Myo-inositol,Mix,2
H9,0.39940947908812835,0.8834582679944636,0.013596633214632567,0.9388151505341534,Mannitol + Myo-inositol,Mix,2
